AA,BalabanJ_rdkit,Chi0n_rdkit,LabuteASA_rdkit,MinPartialCharge_rdkit,MolLogP_rdkit,TPSA_rdkit,SlogP_VSA1_rdkit,SlogP_VSA2_rdkit,SMR_VSA1_rdkit,SMR_VSA2_rdkit,PEOE_VSA1_rdkit,PEOE_VSA2_rdkit,MolWt_rdkit
V,0.6812209214568032,-0.7059558578899471,-1.0063940598170464,0.21269118578858373,0.8905449793642328,-1.151198789291375,-0.617703480457529,-1.4948452971917328,-0.9500507187572786,-0.2748626030391376,-1.28203112314323,-0.9401606767676102,-1.1223639293926055
Y,-1.3725580114167184,0.2660818028080657,0.4014067851126624,-5.720794698043756,1.3120690157917536,-0.37415778283728574,-0.617703480457529,-0.9369250492120533,-0.09645804145884454,-0.2748626030391376,-0.023380315935716142,-0.9401606767676102,0.20701388038236723
W,-2.0289064430450696,0.8484355928422197,0.9774008444188068,0.21294179132795865,2.430701226044331,-0.5446996547431762,-0.617703480457529,-0.9503142847581841,-0.9500507187572786,-0.2748626030391376,-0.053586016820481995,-0.9401606767676102,0.6852270493718875
T,0.6812209214568032,-0.9908039344406866,-1.0879252858646364,0.226662885909215,-0.9484131159227146,-0.37415778283728574,-0.617703480457529,-0.27002831540565536,-0.09645804145884454,-0.2748626030391376,-0.023380315935716142,-0.9401606767676102,-1.0814299781274206
S,0.07438795771664199,-1.439236062420897,-1.4183122289771368,0.2249195415578343,-1.508666582060559,-0.37415778283728623,-0.617703480457529,-0.21508162431674757,-0.09645804145884425,-0.2748626030391376,-0.023380315935716142,-0.9401606767676102,-1.3725965777200935
P,-1.9743626769337128,-0.9808040114042088,-1.0477049842180848,0.21228767123143558,0.5569886686366043,-1.6885593271209696,-0.7221631633380396,-0.7797894804653753,-0.9500507187572786,-0.2748626030391376,-1.3847829326675456,-0.9401606767676102,-1.1642112142559997
F,-1.49043273951033,0.07549307589926464,0.15255106804775198,0.21294012239740584,1.7366214493335332,-1.151198789291375,-0.617703480457529,-1.4948452971917328,-0.9500507187572786,-0.2748626030391376,-1.28203112314323,-0.9401606767676102,-0.12508667047549063
M,-0.08545211292508471,-0.5796510816257855,-0.4809307773612583,0.2111594811497568,1.0305722935520953,-1.1511987892913746,-0.617703480457529,-0.18282769951775016,-0.9500507187572786,-0.2748626030391376,-1.28203112314323,-0.9401606767676102,-0.4567305545342436
K,-0.1906869847783739,-0.2790714932865235,-0.3988278223397998,0.21107900649394762,0.13056151307171338,-0.15176196339244302,0.8190138131596545,-0.7797894804653753,-0.9500507187572786,-0.2748626030391376,0.1311964266944369,-0.9401606767676102,-0.5195222394111123
L,0.40077450899023737,-0.3415872610914397,-0.6760071167045465,0.21110671773521383,1.4531057956843694,-1.151198789291375,-0.617703480457529,-1.4948452971917328,-0.9500507187572786,-0.2748626030391376,-1.28203112314323,-0.9401606767676102,-0.8311973297999335
I,0.8430088669251787,-0.3415872610914397,-0.676007116704546,0.21271904428250993,1.4531057956843694,-1.1511987892913749,-0.617703480457529,-1.4948452971917328,-0.9500507187572786,-0.2748626030391376,-1.28203112314323,-0.9401606767676102,-0.8311973297999324
H,-1.667458416168109,-0.328929624158764,-0.24044902572173307,0.21309549826883137,-0.10478820552210047,-0.04959048157495053,-0.617703480457529,-0.4057832723246348,-0.9500507187572786,-0.2748626030391376,-0.053586016820481995,-0.9401606767676102,-0.3333890036124744
G,-0.9485396484241564,-1.967188710648876,-1.997554889154547,0.16625358152894745,-0.5870243936211865,-1.1511987892913749,-0.617703480457529,-1.439898606102825,-0.9500507187572786,-0.2748626030391376,-1.28203112314323,-0.9401606767676102,-1.9958637281706244
Q,0.3781753398682327,-0.5397928737900223,-0.5132014002688666,0.21111328387069048,-1.1146865384341524,0.5039023954889855,0.8190138131596545,-0.849448743990017,-0.1486094427359978,-0.2748626030391376,0.1311964266944369,0.38752632100223733,-0.520435573009321
E,0.3781753398682318,-0.606851652528873,-0.5415249775687032,-0.03211823184780885,-0.25043968577929876,0.28150657604414175,-0.617703480457529,-0.2847408878413893,0.7049832345624368,-0.2748626030391376,-0.023380315935715705,0.38752632100223733,-0.5000101125402837
C,0.07438795771664199,-1.439236062420897,-1.0881385834966446,0.21587965582676422,-0.1567035846236765,-1.1511987892913746,-0.617703480457529,-0.8663098438991953,-0.9500507187572786,-0.2748626030391376,-1.28203112314323,-0.9401606767676102,-1.03906375371959
D,0.6703935787165266,-0.9712202493273807,-0.8719119206812028,-0.02060618221897762,-0.8130005020994365,0.28150657604414175,-0.617703480457529,-0.2847408878413893,0.7049832345624368,-0.2748626030391376,-0.023380315935716142,0.38752632100223733,-0.7911767121329564
N,0.6703935787165256,-0.9041614705885301,-0.8435883433813666,0.21342533770980246,-1.6772473547542897,0.5039023954889855,0.8190138131596545,-0.849448743990017,-0.1486094427359978,-0.2748626030391376,0.1311964266944369,0.38752632100223733,-0.8116021726019942
R,0.009260004236447269,0.12950242685792374,0.13245443204951443,0.2110804526279873,-1.117902407750721,1.2264007311983967,2.1512714238963278,-0.1286706465193733,-0.9500507187572786,3.573213839508789,1.4416721670077872,0.5577598179400217,0.06198065650313462
A,-0.10261213237680225,-1.5187565826686655,-1.6671679460420465,0.20942237524181023,-0.02677092748334203,-1.151198789291375,-0.617703480457529,-1.4948452971917328,-0.9500507187572786,-0.2748626030391376,-1.28203112314323,-0.9401606767676102,-1.704697128577951
